<doctrine-mapping xmlns="http://doctrine-project.org/schemas/orm/doctrine-mapping"
      xmlns:xsi="http://www.w3.org/2001/XMLSchema-instance"
      xsi:schemaLocation="http://doctrine-project.org/schemas/orm/doctrine-mapping
                    http://doctrine-project.org/schemas/orm/doctrine-mapping.xsd">

    <entity name="Tutorial\Entities\Employee" table="employees">

        <id name="id" type="integer" column="id">
            <generator strategy="AUTO"/>
        </id>
        
        <field name="lastName" type="string"/>
        <field name="firstName" type="string"/>
        <field name="jobTitle" type="string"/>
        <field name="hireDate" type="datetime"/>

        <one-to-many target-entity="Project" mapped-by="employee" field="projects"/>

    </entity>

</doctrine-mapping>